array length;array id;Sort type;start time;comparisons;swaps;end time;duration (milliseconds)
62500;0;MergeSort;Sat Sep 23 21:58:12 BRT 2023;916863;454854;Sat Sep 23 21:58:12 BRT 2023;12.0
62500;0;QuickSort;Sat Sep 23 21:58:12 BRT 2023;1183580;41588;Sat Sep 23 21:58:12 BRT 2023;11.0
62500;1;MergeSort;Sat Sep 23 21:58:12 BRT 2023;917156;454817;Sat Sep 23 21:58:12 BRT 2023;7.0
62500;1;QuickSort;Sat Sep 23 21:58:12 BRT 2023;1220776;41707;Sat Sep 23 21:58:12 BRT 2023;4.0
62500;2;MergeSort;Sat Sep 23 21:58:12 BRT 2023;917186;454971;Sat Sep 23 21:58:12 BRT 2023;6.0
62500;2;QuickSort;Sat Sep 23 21:58:12 BRT 2023;1207421;41564;Sat Sep 23 21:58:12 BRT 2023;4.0
62500;3;MergeSort;Sat Sep 23 21:58:12 BRT 2023;916999;454825;Sat Sep 23 21:58:12 BRT 2023;7.0
62500;3;QuickSort;Sat Sep 23 21:58:12 BRT 2023;1172477;41720;Sat Sep 23 21:58:12 BRT 2023;4.0
62500;4;MergeSort;Sat Sep 23 21:58:12 BRT 2023;917125;455207;Sat Sep 23 21:58:12 BRT 2023;5.0
62500;4;QuickSort;Sat Sep 23 21:58:12 BRT 2023;1222500;41667;Sat Sep 23 21:58:12 BRT 2023;3.0
62500;5;MergeSort;Sat Sep 23 21:58:12 BRT 2023;917038;455030;Sat Sep 23 21:58:12 BRT 2023;6.0
62500;5;QuickSort;Sat Sep 23 21:58:12 BRT 2023;1340357;41717;Sat Sep 23 21:58:12 BRT 2023;4.0
62500;6;MergeSort;Sat Sep 23 21:58:12 BRT 2023;917045;454762;Sat Sep 23 21:58:12 BRT 2023;7.0
62500;6;QuickSort;Sat Sep 23 21:58:12 BRT 2023;1267436;41775;Sat Sep 23 21:58:12 BRT 2023;4.0
62500;7;MergeSort;Sat Sep 23 21:58:12 BRT 2023;917485;454998;Sat Sep 23 21:58:12 BRT 2023;7.0
62500;7;QuickSort;Sat Sep 23 21:58:12 BRT 2023;1199507;41683;Sat Sep 23 21:58:12 BRT 2023;3.0
62500;8;MergeSort;Sat Sep 23 21:58:12 BRT 2023;917431;454993;Sat Sep 23 21:58:12 BRT 2023;6.0
62500;8;QuickSort;Sat Sep 23 21:58:12 BRT 2023;1144435;41679;Sat Sep 23 21:58:12 BRT 2023;4.0
62500;9;MergeSort;Sat Sep 23 21:58:12 BRT 2023;917195;454892;Sat Sep 23 21:58:12 BRT 2023;5.0
62500;9;QuickSort;Sat Sep 23 21:58:12 BRT 2023;1144157;41727;Sat Sep 23 21:58:12 BRT 2023;4.0
62500;10;MergeSort;Sat Sep 23 21:58:12 BRT 2023;917245;454970;Sat Sep 23 21:58:12 BRT 2023;6.0
62500;10;QuickSort;Sat Sep 23 21:58:12 BRT 2023;1238137;41592;Sat Sep 23 21:58:12 BRT 2023;3.0
62500;11;MergeSort;Sat Sep 23 21:58:12 BRT 2023;917118;455007;Sat Sep 23 21:58:12 BRT 2023;6.0
62500;11;QuickSort;Sat Sep 23 21:58:12 BRT 2023;1186974;41649;Sat Sep 23 21:58:12 BRT 2023;4.0
62500;12;MergeSort;Sat Sep 23 21:58:12 BRT 2023;917006;454527;Sat Sep 23 21:58:12 BRT 2023;5.0
62500;12;QuickSort;Sat Sep 23 21:58:12 BRT 2023;1327372;41676;Sat Sep 23 21:58:12 BRT 2023;4.0
62500;13;MergeSort;Sat Sep 23 21:58:12 BRT 2023;917164;454927;Sat Sep 23 21:58:12 BRT 2023;6.0
62500;13;QuickSort;Sat Sep 23 21:58:12 BRT 2023;1170740;41770;Sat Sep 23 21:58:12 BRT 2023;3.0
62500;14;MergeSort;Sat Sep 23 21:58:12 BRT 2023;917295;455005;Sat Sep 23 21:58:12 BRT 2023;5.0
62500;14;QuickSort;Sat Sep 23 21:58:12 BRT 2023;1210040;41580;Sat Sep 23 21:58:12 BRT 2023;4.0
62500;15;MergeSort;Sat Sep 23 21:58:12 BRT 2023;917098;454827;Sat Sep 23 21:58:12 BRT 2023;6.0
62500;15;QuickSort;Sat Sep 23 21:58:12 BRT 2023;1195370;41686;Sat Sep 23 21:58:12 BRT 2023;4.0
62500;16;MergeSort;Sat Sep 23 21:58:12 BRT 2023;917088;455083;Sat Sep 23 21:58:12 BRT 2023;5.0
62500;16;QuickSort;Sat Sep 23 21:58:12 BRT 2023;1187299;41763;Sat Sep 23 21:58:12 BRT 2023;4.0
62500;17;MergeSort;Sat Sep 23 21:58:12 BRT 2023;917190;455011;Sat Sep 23 21:58:12 BRT 2023;5.0
62500;17;QuickSort;Sat Sep 23 21:58:12 BRT 2023;1181101;41677;Sat Sep 23 21:58:12 BRT 2023;4.0
62500;18;MergeSort;Sat Sep 23 21:58:12 BRT 2023;917316;454974;Sat Sep 23 21:58:12 BRT 2023;5.0
62500;18;QuickSort;Sat Sep 23 21:58:12 BRT 2023;1210718;41611;Sat Sep 23 21:58:12 BRT 2023;4.0
62500;19;MergeSort;Sat Sep 23 21:58:12 BRT 2023;917050;454936;Sat Sep 23 21:58:12 BRT 2023;6.0
62500;19;QuickSort;Sat Sep 23 21:58:12 BRT 2023;1222383;41635;Sat Sep 23 21:58:12 BRT 2023;4.0
62500;20;MergeSort;Sat Sep 23 21:58:12 BRT 2023;916846;454989;Sat Sep 23 21:58:12 BRT 2023;7.0
62500;20;QuickSort;Sat Sep 23 21:58:12 BRT 2023;1283299;41676;Sat Sep 23 21:58:12 BRT 2023;4.0
62500;21;MergeSort;Sat Sep 23 21:58:12 BRT 2023;917164;454868;Sat Sep 23 21:58:12 BRT 2023;6.0
62500;21;QuickSort;Sat Sep 23 21:58:12 BRT 2023;1178095;41596;Sat Sep 23 21:58:12 BRT 2023;4.0
62500;22;MergeSort;Sat Sep 23 21:58:12 BRT 2023;917281;454693;Sat Sep 23 21:58:12 BRT 2023;6.0
62500;22;QuickSort;Sat Sep 23 21:58:12 BRT 2023;1217134;41706;Sat Sep 23 21:58:12 BRT 2023;3.0
62500;23;MergeSort;Sat Sep 23 21:58:12 BRT 2023;917143;455109;Sat Sep 23 21:58:12 BRT 2023;6.0
62500;23;QuickSort;Sat Sep 23 21:58:12 BRT 2023;1282751;41680;Sat Sep 23 21:58:12 BRT 2023;4.0
62500;24;MergeSort;Sat Sep 23 21:58:12 BRT 2023;917086;454956;Sat Sep 23 21:58:12 BRT 2023;7.0
62500;24;QuickSort;Sat Sep 23 21:58:12 BRT 2023;1155760;41741;Sat Sep 23 21:58:12 BRT 2023;3.0
62500;25;MergeSort;Sat Sep 23 21:58:12 BRT 2023;916937;454586;Sat Sep 23 21:58:12 BRT 2023;6.0
62500;25;QuickSort;Sat Sep 23 21:58:12 BRT 2023;1136339;41695;Sat Sep 23 21:58:12 BRT 2023;4.0
62500;26;MergeSort;Sat Sep 23 21:58:12 BRT 2023;917056;455017;Sat Sep 23 21:58:12 BRT 2023;6.0
62500;26;QuickSort;Sat Sep 23 21:58:12 BRT 2023;1238347;41664;Sat Sep 23 21:58:12 BRT 2023;4.0
62500;27;MergeSort;Sat Sep 23 21:58:12 BRT 2023;917113;455085;Sat Sep 23 21:58:12 BRT 2023;5.0
62500;27;QuickSort;Sat Sep 23 21:58:12 BRT 2023;1213981;41661;Sat Sep 23 21:58:12 BRT 2023;4.0
62500;28;MergeSort;Sat Sep 23 21:58:12 BRT 2023;916938;454771;Sat Sep 23 21:58:12 BRT 2023;5.0
62500;28;QuickSort;Sat Sep 23 21:58:12 BRT 2023;1181575;41720;Sat Sep 23 21:58:12 BRT 2023;4.0
62500;29;MergeSort;Sat Sep 23 21:58:12 BRT 2023;917172;455086;Sat Sep 23 21:58:12 BRT 2023;5.0
62500;29;QuickSort;Sat Sep 23 21:58:12 BRT 2023;1179136;41693;Sat Sep 23 21:58:12 BRT 2023;4.0
62500;30;MergeSort;Sat Sep 23 21:58:12 BRT 2023;917171;454712;Sat Sep 23 21:58:12 BRT 2023;7.0
62500;30;QuickSort;Sat Sep 23 21:58:12 BRT 2023;1189263;41741;Sat Sep 23 21:58:12 BRT 2023;3.0
62500;31;MergeSort;Sat Sep 23 21:58:12 BRT 2023;917087;454937;Sat Sep 23 21:58:12 BRT 2023;6.0
62500;31;QuickSort;Sat Sep 23 21:58:12 BRT 2023;1172388;41631;Sat Sep 23 21:58:12 BRT 2023;4.0
62500;32;MergeSort;Sat Sep 23 21:58:12 BRT 2023;917177;454849;Sat Sep 23 21:58:12 BRT 2023;5.0
62500;32;QuickSort;Sat Sep 23 21:58:12 BRT 2023;1216002;41688;Sat Sep 23 21:58:12 BRT 2023;5.0
62500;33;MergeSort;Sat Sep 23 21:58:12 BRT 2023;917021;454835;Sat Sep 23 21:58:12 BRT 2023;6.0
62500;33;QuickSort;Sat Sep 23 21:58:12 BRT 2023;1232592;41675;Sat Sep 23 21:58:12 BRT 2023;4.0
62500;34;MergeSort;Sat Sep 23 21:58:12 BRT 2023;917196;455349;Sat Sep 23 21:58:12 BRT 2023;7.0
62500;34;QuickSort;Sat Sep 23 21:58:12 BRT 2023;1171829;41730;Sat Sep 23 21:58:12 BRT 2023;4.0
62500;35;MergeSort;Sat Sep 23 21:58:12 BRT 2023;916966;454985;Sat Sep 23 21:58:12 BRT 2023;8.0
62500;35;QuickSort;Sat Sep 23 21:58:12 BRT 2023;1197197;41624;Sat Sep 23 21:58:12 BRT 2023;4.0
62500;36;MergeSort;Sat Sep 23 21:58:12 BRT 2023;917113;454851;Sat Sep 23 21:58:12 BRT 2023;5.0
62500;36;QuickSort;Sat Sep 23 21:58:12 BRT 2023;1209000;41694;Sat Sep 23 21:58:12 BRT 2023;4.0
62500;37;MergeSort;Sat Sep 23 21:58:12 BRT 2023;917326;454908;Sat Sep 23 21:58:12 BRT 2023;6.0
62500;37;QuickSort;Sat Sep 23 21:58:12 BRT 2023;1219127;41639;Sat Sep 23 21:58:12 BRT 2023;4.0
62500;38;MergeSort;Sat Sep 23 21:58:12 BRT 2023;917214;454991;Sat Sep 23 21:58:12 BRT 2023;6.0
62500;38;QuickSort;Sat Sep 23 21:58:12 BRT 2023;1199238;41558;Sat Sep 23 21:58:12 BRT 2023;4.0
62500;39;MergeSort;Sat Sep 23 21:58:12 BRT 2023;917055;454646;Sat Sep 23 21:58:12 BRT 2023;6.0
62500;39;QuickSort;Sat Sep 23 21:58:12 BRT 2023;1308898;41636;Sat Sep 23 21:58:12 BRT 2023;4.0
62500;40;MergeSort;Sat Sep 23 21:58:12 BRT 2023;917120;455055;Sat Sep 23 21:58:12 BRT 2023;5.0
62500;40;QuickSort;Sat Sep 23 21:58:12 BRT 2023;1158592;41712;Sat Sep 23 21:58:12 BRT 2023;4.0
62500;41;MergeSort;Sat Sep 23 21:58:12 BRT 2023;916993;455196;Sat Sep 23 21:58:12 BRT 2023;6.0
62500;41;QuickSort;Sat Sep 23 21:58:12 BRT 2023;1218122;41767;Sat Sep 23 21:58:12 BRT 2023;4.0
62500;42;MergeSort;Sat Sep 23 21:58:12 BRT 2023;917176;454975;Sat Sep 23 21:58:12 BRT 2023;5.0
62500;42;QuickSort;Sat Sep 23 21:58:12 BRT 2023;1184290;41665;Sat Sep 23 21:58:12 BRT 2023;4.0
62500;43;MergeSort;Sat Sep 23 21:58:12 BRT 2023;917132;454989;Sat Sep 23 21:58:12 BRT 2023;6.0
62500;43;QuickSort;Sat Sep 23 21:58:12 BRT 2023;1322118;41698;Sat Sep 23 21:58:12 BRT 2023;4.0
62500;44;MergeSort;Sat Sep 23 21:58:12 BRT 2023;917017;454810;Sat Sep 23 21:58:12 BRT 2023;6.0
62500;44;QuickSort;Sat Sep 23 21:58:12 BRT 2023;1239591;41714;Sat Sep 23 21:58:12 BRT 2023;3.0
62500;45;MergeSort;Sat Sep 23 21:58:12 BRT 2023;917002;454774;Sat Sep 23 21:58:12 BRT 2023;5.0
62500;45;QuickSort;Sat Sep 23 21:58:12 BRT 2023;1197380;41806;Sat Sep 23 21:58:12 BRT 2023;4.0
62500;46;MergeSort;Sat Sep 23 21:58:12 BRT 2023;917187;455064;Sat Sep 23 21:58:12 BRT 2023;6.0
62500;46;QuickSort;Sat Sep 23 21:58:12 BRT 2023;1146084;41685;Sat Sep 23 21:58:12 BRT 2023;3.0
62500;47;MergeSort;Sat Sep 23 21:58:12 BRT 2023;917241;455008;Sat Sep 23 21:58:12 BRT 2023;6.0
62500;47;QuickSort;Sat Sep 23 21:58:12 BRT 2023;1189364;41738;Sat Sep 23 21:58:12 BRT 2023;3.0
62500;48;MergeSort;Sat Sep 23 21:58:12 BRT 2023;917141;454822;Sat Sep 23 21:58:12 BRT 2023;6.0
62500;48;QuickSort;Sat Sep 23 21:58:12 BRT 2023;1168232;41689;Sat Sep 23 21:58:12 BRT 2023;3.0
62500;49;MergeSort;Sat Sep 23 21:58:12 BRT 2023;917218;454700;Sat Sep 23 21:58:12 BRT 2023;5.0
62500;49;QuickSort;Sat Sep 23 21:58:12 BRT 2023;1219918;41693;Sat Sep 23 21:58:12 BRT 2023;4.0
125000;50;MergeSort;Sat Sep 23 21:58:12 BRT 2023;1959162;972466;Sat Sep 23 21:58:12 BRT 2023;13.0
125000;50;QuickSort;Sat Sep 23 21:58:12 BRT 2023;2486172;83307;Sat Sep 23 21:58:12 BRT 2023;8.0
125000;51;MergeSort;Sat Sep 23 21:58:12 BRT 2023;1959364;971827;Sat Sep 23 21:58:12 BRT 2023;13.0
125000;51;QuickSort;Sat Sep 23 21:58:12 BRT 2023;2713488;83423;Sat Sep 23 21:58:12 BRT 2023;9.0
125000;52;MergeSort;Sat Sep 23 21:58:12 BRT 2023;1959255;972861;Sat Sep 23 21:58:12 BRT 2023;14.0
125000;52;QuickSort;Sat Sep 23 21:58:12 BRT 2023;2586785;83333;Sat Sep 23 21:58:12 BRT 2023;8.0
125000;53;MergeSort;Sat Sep 23 21:58:12 BRT 2023;1959355;972499;Sat Sep 23 21:58:12 BRT 2023;12.0
125000;53;QuickSort;Sat Sep 23 21:58:12 BRT 2023;2591512;83408;Sat Sep 23 21:58:12 BRT 2023;7.0
125000;54;MergeSort;Sat Sep 23 21:58:12 BRT 2023;1958961;972439;Sat Sep 23 21:58:12 BRT 2023;11.0
125000;54;QuickSort;Sat Sep 23 21:58:12 BRT 2023;2478061;83380;Sat Sep 23 21:58:12 BRT 2023;9.0
125000;55;MergeSort;Sat Sep 23 21:58:12 BRT 2023;1959392;972254;Sat Sep 23 21:58:12 BRT 2023;11.0
125000;55;QuickSort;Sat Sep 23 21:58:12 BRT 2023;2517624;83387;Sat Sep 23 21:58:12 BRT 2023;8.0
125000;56;MergeSort;Sat Sep 23 21:58:12 BRT 2023;1958954;972096;Sat Sep 23 21:58:13 BRT 2023;13.0
125000;56;QuickSort;Sat Sep 23 21:58:13 BRT 2023;2581700;83353;Sat Sep 23 21:58:13 BRT 2023;8.0
125000;57;MergeSort;Sat Sep 23 21:58:13 BRT 2023;1959130;972340;Sat Sep 23 21:58:13 BRT 2023;12.0
125000;57;QuickSort;Sat Sep 23 21:58:13 BRT 2023;2492085;83283;Sat Sep 23 21:58:13 BRT 2023;7.0
125000;58;MergeSort;Sat Sep 23 21:58:13 BRT 2023;1959105;972198;Sat Sep 23 21:58:13 BRT 2023;13.0
125000;58;QuickSort;Sat Sep 23 21:58:13 BRT 2023;2529275;83368;Sat Sep 23 21:58:13 BRT 2023;9.0
125000;59;MergeSort;Sat Sep 23 21:58:13 BRT 2023;1959332;972421;Sat Sep 23 21:58:13 BRT 2023;13.0
125000;59;QuickSort;Sat Sep 23 21:58:13 BRT 2023;2527322;83355;Sat Sep 23 21:58:13 BRT 2023;8.0
125000;60;MergeSort;Sat Sep 23 21:58:13 BRT 2023;1959089;972048;Sat Sep 23 21:58:13 BRT 2023;12.0
125000;60;QuickSort;Sat Sep 23 21:58:13 BRT 2023;2635973;83332;Sat Sep 23 21:58:13 BRT 2023;7.0
125000;61;MergeSort;Sat Sep 23 21:58:13 BRT 2023;1959403;972902;Sat Sep 23 21:58:13 BRT 2023;13.0
125000;61;QuickSort;Sat Sep 23 21:58:13 BRT 2023;2560218;83478;Sat Sep 23 21:58:13 BRT 2023;7.0
125000;62;MergeSort;Sat Sep 23 21:58:13 BRT 2023;1959213;972447;Sat Sep 23 21:58:13 BRT 2023;12.0
125000;62;QuickSort;Sat Sep 23 21:58:13 BRT 2023;2567648;83180;Sat Sep 23 21:58:13 BRT 2023;7.0
125000;63;MergeSort;Sat Sep 23 21:58:13 BRT 2023;1959329;972473;Sat Sep 23 21:58:13 BRT 2023;11.0
125000;63;QuickSort;Sat Sep 23 21:58:13 BRT 2023;2663823;83331;Sat Sep 23 21:58:13 BRT 2023;7.0
125000;64;MergeSort;Sat Sep 23 21:58:13 BRT 2023;1959319;972639;Sat Sep 23 21:58:13 BRT 2023;11.0
125000;64;QuickSort;Sat Sep 23 21:58:13 BRT 2023;2682426;83379;Sat Sep 23 21:58:13 BRT 2023;8.0
125000;65;MergeSort;Sat Sep 23 21:58:13 BRT 2023;1959300;972374;Sat Sep 23 21:58:13 BRT 2023;12.0
125000;65;QuickSort;Sat Sep 23 21:58:13 BRT 2023;2504845;83377;Sat Sep 23 21:58:13 BRT 2023;7.0
125000;66;MergeSort;Sat Sep 23 21:58:13 BRT 2023;1959220;972398;Sat Sep 23 21:58:13 BRT 2023;11.0
125000;66;QuickSort;Sat Sep 23 21:58:13 BRT 2023;2557702;83238;Sat Sep 23 21:58:13 BRT 2023;7.0
125000;67;MergeSort;Sat Sep 23 21:58:13 BRT 2023;1959217;972321;Sat Sep 23 21:58:13 BRT 2023;11.0
125000;67;QuickSort;Sat Sep 23 21:58:13 BRT 2023;2490098;83382;Sat Sep 23 21:58:13 BRT 2023;8.0
125000;68;MergeSort;Sat Sep 23 21:58:13 BRT 2023;1958954;972449;Sat Sep 23 21:58:13 BRT 2023;11.0
125000;68;QuickSort;Sat Sep 23 21:58:13 BRT 2023;2568907;83364;Sat Sep 23 21:58:13 BRT 2023;8.0
125000;69;MergeSort;Sat Sep 23 21:58:13 BRT 2023;1959209;972420;Sat Sep 23 21:58:13 BRT 2023;12.0
125000;69;QuickSort;Sat Sep 23 21:58:13 BRT 2023;2490318;83285;Sat Sep 23 21:58:13 BRT 2023;7.0
125000;70;MergeSort;Sat Sep 23 21:58:13 BRT 2023;1959135;973115;Sat Sep 23 21:58:13 BRT 2023;15.0
125000;70;QuickSort;Sat Sep 23 21:58:13 BRT 2023;2584454;83359;Sat Sep 23 21:58:13 BRT 2023;9.0
125000;71;MergeSort;Sat Sep 23 21:58:13 BRT 2023;1959483;971646;Sat Sep 23 21:58:13 BRT 2023;12.0
125000;71;QuickSort;Sat Sep 23 21:58:13 BRT 2023;2580570;83233;Sat Sep 23 21:58:13 BRT 2023;7.0
125000;72;MergeSort;Sat Sep 23 21:58:13 BRT 2023;1958918;972399;Sat Sep 23 21:58:13 BRT 2023;11.0
125000;72;QuickSort;Sat Sep 23 21:58:13 BRT 2023;2624553;83400;Sat Sep 23 21:58:13 BRT 2023;7.0
125000;73;MergeSort;Sat Sep 23 21:58:13 BRT 2023;1959151;972660;Sat Sep 23 21:58:13 BRT 2023;13.0
125000;73;QuickSort;Sat Sep 23 21:58:13 BRT 2023;2534373;83344;Sat Sep 23 21:58:13 BRT 2023;7.0
125000;74;MergeSort;Sat Sep 23 21:58:13 BRT 2023;1959204;972261;Sat Sep 23 21:58:13 BRT 2023;11.0
125000;74;QuickSort;Sat Sep 23 21:58:13 BRT 2023;2561005;83343;Sat Sep 23 21:58:13 BRT 2023;8.0
125000;75;MergeSort;Sat Sep 23 21:58:13 BRT 2023;1959320;972872;Sat Sep 23 21:58:13 BRT 2023;12.0
125000;75;QuickSort;Sat Sep 23 21:58:13 BRT 2023;2604159;83249;Sat Sep 23 21:58:13 BRT 2023;7.0
125000;76;MergeSort;Sat Sep 23 21:58:13 BRT 2023;1959474;972462;Sat Sep 23 21:58:13 BRT 2023;12.0
125000;76;QuickSort;Sat Sep 23 21:58:13 BRT 2023;2567444;83333;Sat Sep 23 21:58:13 BRT 2023;7.0
125000;77;MergeSort;Sat Sep 23 21:58:13 BRT 2023;1958910;972106;Sat Sep 23 21:58:13 BRT 2023;11.0
125000;77;QuickSort;Sat Sep 23 21:58:13 BRT 2023;2591633;83307;Sat Sep 23 21:58:13 BRT 2023;7.0
125000;78;MergeSort;Sat Sep 23 21:58:13 BRT 2023;1958779;972417;Sat Sep 23 21:58:13 BRT 2023;12.0
125000;78;QuickSort;Sat Sep 23 21:58:13 BRT 2023;2538816;83282;Sat Sep 23 21:58:13 BRT 2023;7.0
125000;79;MergeSort;Sat Sep 23 21:58:13 BRT 2023;1959114;972822;Sat Sep 23 21:58:13 BRT 2023;13.0
125000;79;QuickSort;Sat Sep 23 21:58:13 BRT 2023;2488052;83398;Sat Sep 23 21:58:13 BRT 2023;7.0
125000;80;MergeSort;Sat Sep 23 21:58:13 BRT 2023;1958963;972144;Sat Sep 23 21:58:13 BRT 2023;12.0
125000;80;QuickSort;Sat Sep 23 21:58:13 BRT 2023;2575486;83421;Sat Sep 23 21:58:13 BRT 2023;6.0
125000;81;MergeSort;Sat Sep 23 21:58:13 BRT 2023;1959527;972208;Sat Sep 23 21:58:13 BRT 2023;11.0
125000;81;QuickSort;Sat Sep 23 21:58:13 BRT 2023;2517913;83307;Sat Sep 23 21:58:13 BRT 2023;8.0
125000;82;MergeSort;Sat Sep 23 21:58:13 BRT 2023;1959804;972156;Sat Sep 23 21:58:13 BRT 2023;12.0
125000;82;QuickSort;Sat Sep 23 21:58:13 BRT 2023;2596297;83369;Sat Sep 23 21:58:13 BRT 2023;8.0
125000;83;MergeSort;Sat Sep 23 21:58:13 BRT 2023;1959686;972795;Sat Sep 23 21:58:13 BRT 2023;13.0
125000;83;QuickSort;Sat Sep 23 21:58:13 BRT 2023;2569269;83375;Sat Sep 23 21:58:13 BRT 2023;8.0
125000;84;MergeSort;Sat Sep 23 21:58:13 BRT 2023;1959499;972794;Sat Sep 23 21:58:13 BRT 2023;11.0
125000;84;QuickSort;Sat Sep 23 21:58:13 BRT 2023;2538214;83274;Sat Sep 23 21:58:13 BRT 2023;8.0
125000;85;MergeSort;Sat Sep 23 21:58:13 BRT 2023;1959221;972585;Sat Sep 23 21:58:13 BRT 2023;12.0
125000;85;QuickSort;Sat Sep 23 21:58:13 BRT 2023;2581560;83261;Sat Sep 23 21:58:13 BRT 2023;8.0
125000;86;MergeSort;Sat Sep 23 21:58:13 BRT 2023;1959211;972479;Sat Sep 23 21:58:13 BRT 2023;11.0
125000;86;QuickSort;Sat Sep 23 21:58:13 BRT 2023;2732854;83301;Sat Sep 23 21:58:13 BRT 2023;8.0
125000;87;MergeSort;Sat Sep 23 21:58:13 BRT 2023;1959490;972697;Sat Sep 23 21:58:13 BRT 2023;11.0
125000;87;QuickSort;Sat Sep 23 21:58:13 BRT 2023;2608310;83368;Sat Sep 23 21:58:13 BRT 2023;8.0
125000;88;MergeSort;Sat Sep 23 21:58:13 BRT 2023;1959648;972416;Sat Sep 23 21:58:13 BRT 2023;11.0
125000;88;QuickSort;Sat Sep 23 21:58:13 BRT 2023;2540824;83408;Sat Sep 23 21:58:13 BRT 2023;7.0
125000;89;MergeSort;Sat Sep 23 21:58:13 BRT 2023;1959194;972497;Sat Sep 23 21:58:13 BRT 2023;12.0
125000;89;QuickSort;Sat Sep 23 21:58:13 BRT 2023;2690263;83381;Sat Sep 23 21:58:13 BRT 2023;7.0
125000;90;MergeSort;Sat Sep 23 21:58:13 BRT 2023;1959395;972460;Sat Sep 23 21:58:13 BRT 2023;12.0
125000;90;QuickSort;Sat Sep 23 21:58:13 BRT 2023;2471896;83267;Sat Sep 23 21:58:13 BRT 2023;7.0
125000;91;MergeSort;Sat Sep 23 21:58:13 BRT 2023;1959384;972139;Sat Sep 23 21:58:13 BRT 2023;12.0
125000;91;QuickSort;Sat Sep 23 21:58:13 BRT 2023;2463049;83323;Sat Sep 23 21:58:13 BRT 2023;7.0
125000;92;MergeSort;Sat Sep 23 21:58:13 BRT 2023;1959084;972169;Sat Sep 23 21:58:13 BRT 2023;12.0
125000;92;QuickSort;Sat Sep 23 21:58:13 BRT 2023;2506873;83355;Sat Sep 23 21:58:13 BRT 2023;7.0
125000;93;MergeSort;Sat Sep 23 21:58:13 BRT 2023;1959541;972443;Sat Sep 23 21:58:13 BRT 2023;11.0
125000;93;QuickSort;Sat Sep 23 21:58:13 BRT 2023;2696220;83391;Sat Sep 23 21:58:13 BRT 2023;8.0
125000;94;MergeSort;Sat Sep 23 21:58:13 BRT 2023;1959247;972496;Sat Sep 23 21:58:13 BRT 2023;11.0
125000;94;QuickSort;Sat Sep 23 21:58:13 BRT 2023;2638457;83315;Sat Sep 23 21:58:13 BRT 2023;8.0
125000;95;MergeSort;Sat Sep 23 21:58:13 BRT 2023;1959490;972691;Sat Sep 23 21:58:13 BRT 2023;11.0
125000;95;QuickSort;Sat Sep 23 21:58:13 BRT 2023;2745330;83377;Sat Sep 23 21:58:13 BRT 2023;7.0
125000;96;MergeSort;Sat Sep 23 21:58:13 BRT 2023;1959172;972245;Sat Sep 23 21:58:13 BRT 2023;11.0
125000;96;QuickSort;Sat Sep 23 21:58:13 BRT 2023;2641108;83388;Sat Sep 23 21:58:13 BRT 2023;9.0
125000;97;MergeSort;Sat Sep 23 21:58:13 BRT 2023;1959485;972349;Sat Sep 23 21:58:13 BRT 2023;11.0
125000;97;QuickSort;Sat Sep 23 21:58:13 BRT 2023;2544237;83420;Sat Sep 23 21:58:13 BRT 2023;7.0
125000;98;MergeSort;Sat Sep 23 21:58:13 BRT 2023;1959214;972377;Sat Sep 23 21:58:13 BRT 2023;11.0
125000;98;QuickSort;Sat Sep 23 21:58:13 BRT 2023;2628013;83345;Sat Sep 23 21:58:13 BRT 2023;7.0
125000;99;MergeSort;Sat Sep 23 21:58:13 BRT 2023;1959183;972444;Sat Sep 23 21:58:13 BRT 2023;12.0
125000;99;QuickSort;Sat Sep 23 21:58:13 BRT 2023;2527418;83329;Sat Sep 23 21:58:13 BRT 2023;8.0
250000;100;MergeSort;Sat Sep 23 21:58:13 BRT 2023;4168190;2069406;Sat Sep 23 21:58:13 BRT 2023;25.0
250000;100;QuickSort;Sat Sep 23 21:58:13 BRT 2023;5545570;166698;Sat Sep 23 21:58:13 BRT 2023;15.0
250000;101;MergeSort;Sat Sep 23 21:58:13 BRT 2023;4168378;2069786;Sat Sep 23 21:58:13 BRT 2023;24.0
250000;101;QuickSort;Sat Sep 23 21:58:13 BRT 2023;5353067;166801;Sat Sep 23 21:58:13 BRT 2023;16.0
250000;102;MergeSort;Sat Sep 23 21:58:13 BRT 2023;4168213;2069855;Sat Sep 23 21:58:14 BRT 2023;24.0
250000;102;QuickSort;Sat Sep 23 21:58:14 BRT 2023;5392000;166716;Sat Sep 23 21:58:14 BRT 2023;17.0
250000;103;MergeSort;Sat Sep 23 21:58:14 BRT 2023;4168712;2069832;Sat Sep 23 21:58:14 BRT 2023;25.0
250000;103;QuickSort;Sat Sep 23 21:58:14 BRT 2023;5422121;166536;Sat Sep 23 21:58:14 BRT 2023;17.0
250000;104;MergeSort;Sat Sep 23 21:58:14 BRT 2023;4168673;2069335;Sat Sep 23 21:58:14 BRT 2023;25.0
250000;104;QuickSort;Sat Sep 23 21:58:14 BRT 2023;5501342;166487;Sat Sep 23 21:58:14 BRT 2023;15.0
250000;105;MergeSort;Sat Sep 23 21:58:14 BRT 2023;4168455;2069363;Sat Sep 23 21:58:14 BRT 2023;24.0
250000;105;QuickSort;Sat Sep 23 21:58:14 BRT 2023;5345581;166746;Sat Sep 23 21:58:14 BRT 2023;16.0
250000;106;MergeSort;Sat Sep 23 21:58:14 BRT 2023;4168320;2070058;Sat Sep 23 21:58:14 BRT 2023;25.0
250000;106;QuickSort;Sat Sep 23 21:58:14 BRT 2023;5681375;166786;Sat Sep 23 21:58:14 BRT 2023;16.0
250000;107;MergeSort;Sat Sep 23 21:58:14 BRT 2023;4168882;2069754;Sat Sep 23 21:58:14 BRT 2023;24.0
250000;107;QuickSort;Sat Sep 23 21:58:14 BRT 2023;5841459;166667;Sat Sep 23 21:58:14 BRT 2023;16.0
250000;108;MergeSort;Sat Sep 23 21:58:14 BRT 2023;4168739;2069811;Sat Sep 23 21:58:14 BRT 2023;24.0
250000;108;QuickSort;Sat Sep 23 21:58:14 BRT 2023;5524281;166883;Sat Sep 23 21:58:14 BRT 2023;16.0
250000;109;MergeSort;Sat Sep 23 21:58:14 BRT 2023;4168754;2070166;Sat Sep 23 21:58:14 BRT 2023;24.0
250000;109;QuickSort;Sat Sep 23 21:58:14 BRT 2023;5379871;166938;Sat Sep 23 21:58:14 BRT 2023;16.0
250000;110;MergeSort;Sat Sep 23 21:58:14 BRT 2023;4168332;2069545;Sat Sep 23 21:58:14 BRT 2023;24.0
250000;110;QuickSort;Sat Sep 23 21:58:14 BRT 2023;5421885;166760;Sat Sep 23 21:58:14 BRT 2023;16.0
250000;111;MergeSort;Sat Sep 23 21:58:14 BRT 2023;4168669;2069753;Sat Sep 23 21:58:14 BRT 2023;24.0
250000;111;QuickSort;Sat Sep 23 21:58:14 BRT 2023;5258332;166584;Sat Sep 23 21:58:14 BRT 2023;16.0
250000;112;MergeSort;Sat Sep 23 21:58:14 BRT 2023;4168815;2069993;Sat Sep 23 21:58:14 BRT 2023;25.0
250000;112;QuickSort;Sat Sep 23 21:58:14 BRT 2023;5490057;166910;Sat Sep 23 21:58:14 BRT 2023;16.0
250000;113;MergeSort;Sat Sep 23 21:58:14 BRT 2023;4168937;2070408;Sat Sep 23 21:58:14 BRT 2023;26.0
250000;113;QuickSort;Sat Sep 23 21:58:14 BRT 2023;5829021;166718;Sat Sep 23 21:58:14 BRT 2023;15.0
250000;114;MergeSort;Sat Sep 23 21:58:14 BRT 2023;4168362;2069411;Sat Sep 23 21:58:14 BRT 2023;24.0
250000;114;QuickSort;Sat Sep 23 21:58:14 BRT 2023;5482758;166643;Sat Sep 23 21:58:14 BRT 2023;16.0
250000;115;MergeSort;Sat Sep 23 21:58:14 BRT 2023;4168788;2069271;Sat Sep 23 21:58:14 BRT 2023;24.0
250000;115;QuickSort;Sat Sep 23 21:58:14 BRT 2023;5387363;166662;Sat Sep 23 21:58:14 BRT 2023;16.0
250000;116;MergeSort;Sat Sep 23 21:58:14 BRT 2023;4169103;2069890;Sat Sep 23 21:58:14 BRT 2023;26.0
250000;116;QuickSort;Sat Sep 23 21:58:14 BRT 2023;5434405;166630;Sat Sep 23 21:58:14 BRT 2023;16.0
250000;117;MergeSort;Sat Sep 23 21:58:14 BRT 2023;4168509;2069318;Sat Sep 23 21:58:14 BRT 2023;24.0
250000;117;QuickSort;Sat Sep 23 21:58:14 BRT 2023;5378663;166790;Sat Sep 23 21:58:14 BRT 2023;16.0
250000;118;MergeSort;Sat Sep 23 21:58:14 BRT 2023;4168967;2069617;Sat Sep 23 21:58:14 BRT 2023;27.0
250000;118;QuickSort;Sat Sep 23 21:58:14 BRT 2023;5392767;166772;Sat Sep 23 21:58:14 BRT 2023;19.0
250000;119;MergeSort;Sat Sep 23 21:58:14 BRT 2023;4169027;2070728;Sat Sep 23 21:58:14 BRT 2023;28.0
250000;119;QuickSort;Sat Sep 23 21:58:14 BRT 2023;5638907;166835;Sat Sep 23 21:58:14 BRT 2023;22.0
250000;120;MergeSort;Sat Sep 23 21:58:14 BRT 2023;4168313;2069085;Sat Sep 23 21:58:14 BRT 2023;28.0
250000;120;QuickSort;Sat Sep 23 21:58:14 BRT 2023;5659996;166805;Sat Sep 23 21:58:14 BRT 2023;18.0
250000;121;MergeSort;Sat Sep 23 21:58:14 BRT 2023;4168258;2070330;Sat Sep 23 21:58:14 BRT 2023;31.0
250000;121;QuickSort;Sat Sep 23 21:58:14 BRT 2023;5968645;166549;Sat Sep 23 21:58:14 BRT 2023;21.0
250000;122;MergeSort;Sat Sep 23 21:58:14 BRT 2023;4168288;2070112;Sat Sep 23 21:58:14 BRT 2023;29.0
250000;122;QuickSort;Sat Sep 23 21:58:14 BRT 2023;5636875;166604;Sat Sep 23 21:58:14 BRT 2023;16.0
250000;123;MergeSort;Sat Sep 23 21:58:14 BRT 2023;4168672;2069040;Sat Sep 23 21:58:14 BRT 2023;25.0
250000;123;QuickSort;Sat Sep 23 21:58:14 BRT 2023;5820041;166750;Sat Sep 23 21:58:14 BRT 2023;17.0
250000;124;MergeSort;Sat Sep 23 21:58:14 BRT 2023;4168488;2070177;Sat Sep 23 21:58:14 BRT 2023;25.0
250000;124;QuickSort;Sat Sep 23 21:58:14 BRT 2023;5610964;166762;Sat Sep 23 21:58:14 BRT 2023;16.0
250000;125;MergeSort;Sat Sep 23 21:58:14 BRT 2023;4168409;2070112;Sat Sep 23 21:58:15 BRT 2023;24.0
250000;125;QuickSort;Sat Sep 23 21:58:15 BRT 2023;5492627;166803;Sat Sep 23 21:58:15 BRT 2023;15.0
250000;126;MergeSort;Sat Sep 23 21:58:15 BRT 2023;4168237;2070257;Sat Sep 23 21:58:15 BRT 2023;27.0
250000;126;QuickSort;Sat Sep 23 21:58:15 BRT 2023;5450296;166511;Sat Sep 23 21:58:15 BRT 2023;15.0
250000;127;MergeSort;Sat Sep 23 21:58:15 BRT 2023;4168986;2069730;Sat Sep 23 21:58:15 BRT 2023;25.0
250000;127;QuickSort;Sat Sep 23 21:58:15 BRT 2023;5323526;166714;Sat Sep 23 21:58:15 BRT 2023;15.0
250000;128;MergeSort;Sat Sep 23 21:58:15 BRT 2023;4168052;2069484;Sat Sep 23 21:58:15 BRT 2023;24.0
250000;128;QuickSort;Sat Sep 23 21:58:15 BRT 2023;5565675;166706;Sat Sep 23 21:58:15 BRT 2023;17.0
250000;129;MergeSort;Sat Sep 23 21:58:15 BRT 2023;4168776;2069720;Sat Sep 23 21:58:15 BRT 2023;24.0
250000;129;QuickSort;Sat Sep 23 21:58:15 BRT 2023;5580983;166794;Sat Sep 23 21:58:15 BRT 2023;16.0
250000;130;MergeSort;Sat Sep 23 21:58:15 BRT 2023;4168913;2069813;Sat Sep 23 21:58:15 BRT 2023;24.0
250000;130;QuickSort;Sat Sep 23 21:58:15 BRT 2023;5460310;166692;Sat Sep 23 21:58:15 BRT 2023;16.0
250000;131;MergeSort;Sat Sep 23 21:58:15 BRT 2023;4168386;2069784;Sat Sep 23 21:58:15 BRT 2023;24.0
250000;131;QuickSort;Sat Sep 23 21:58:15 BRT 2023;5589171;166399;Sat Sep 23 21:58:15 BRT 2023;16.0
250000;132;MergeSort;Sat Sep 23 21:58:15 BRT 2023;4168584;2070168;Sat Sep 23 21:58:15 BRT 2023;24.0
250000;132;QuickSort;Sat Sep 23 21:58:15 BRT 2023;5888079;166866;Sat Sep 23 21:58:15 BRT 2023;16.0
250000;133;MergeSort;Sat Sep 23 21:58:15 BRT 2023;4168534;2070266;Sat Sep 23 21:58:15 BRT 2023;24.0
250000;133;QuickSort;Sat Sep 23 21:58:15 BRT 2023;5584853;166806;Sat Sep 23 21:58:15 BRT 2023;16.0
250000;134;MergeSort;Sat Sep 23 21:58:15 BRT 2023;4168266;2069223;Sat Sep 23 21:58:15 BRT 2023;23.0
250000;134;QuickSort;Sat Sep 23 21:58:15 BRT 2023;5528229;166755;Sat Sep 23 21:58:15 BRT 2023;16.0
250000;135;MergeSort;Sat Sep 23 21:58:15 BRT 2023;4168375;2069206;Sat Sep 23 21:58:15 BRT 2023;26.0
250000;135;QuickSort;Sat Sep 23 21:58:15 BRT 2023;5531642;166714;Sat Sep 23 21:58:15 BRT 2023;16.0
250000;136;MergeSort;Sat Sep 23 21:58:15 BRT 2023;4168442;2069929;Sat Sep 23 21:58:15 BRT 2023;25.0
250000;136;QuickSort;Sat Sep 23 21:58:15 BRT 2023;5399906;166753;Sat Sep 23 21:58:15 BRT 2023;16.0
250000;137;MergeSort;Sat Sep 23 21:58:15 BRT 2023;4167934;2069451;Sat Sep 23 21:58:15 BRT 2023;25.0
250000;137;QuickSort;Sat Sep 23 21:58:15 BRT 2023;5632670;166662;Sat Sep 23 21:58:15 BRT 2023;15.0
250000;138;MergeSort;Sat Sep 23 21:58:15 BRT 2023;4168571;2069966;Sat Sep 23 21:58:15 BRT 2023;25.0
250000;138;QuickSort;Sat Sep 23 21:58:15 BRT 2023;5466441;166731;Sat Sep 23 21:58:15 BRT 2023;15.0
250000;139;MergeSort;Sat Sep 23 21:58:15 BRT 2023;4168967;2070056;Sat Sep 23 21:58:15 BRT 2023;25.0
250000;139;QuickSort;Sat Sep 23 21:58:15 BRT 2023;5715642;166575;Sat Sep 23 21:58:15 BRT 2023;15.0
250000;140;MergeSort;Sat Sep 23 21:58:15 BRT 2023;4168409;2069968;Sat Sep 23 21:58:15 BRT 2023;26.0
250000;140;QuickSort;Sat Sep 23 21:58:15 BRT 2023;5405486;166700;Sat Sep 23 21:58:15 BRT 2023;16.0
250000;141;MergeSort;Sat Sep 23 21:58:15 BRT 2023;4168726;2069744;Sat Sep 23 21:58:15 BRT 2023;24.0
250000;141;QuickSort;Sat Sep 23 21:58:15 BRT 2023;5558669;166615;Sat Sep 23 21:58:15 BRT 2023;16.0
250000;142;MergeSort;Sat Sep 23 21:58:15 BRT 2023;4168755;2070134;Sat Sep 23 21:58:15 BRT 2023;24.0
250000;142;QuickSort;Sat Sep 23 21:58:15 BRT 2023;5468995;166801;Sat Sep 23 21:58:15 BRT 2023;16.0
250000;143;MergeSort;Sat Sep 23 21:58:15 BRT 2023;4168704;2069244;Sat Sep 23 21:58:15 BRT 2023;23.0
250000;143;QuickSort;Sat Sep 23 21:58:15 BRT 2023;5645073;166745;Sat Sep 23 21:58:15 BRT 2023;16.0
250000;144;MergeSort;Sat Sep 23 21:58:15 BRT 2023;4168482;2069895;Sat Sep 23 21:58:15 BRT 2023;24.0
250000;144;QuickSort;Sat Sep 23 21:58:15 BRT 2023;5473118;166639;Sat Sep 23 21:58:15 BRT 2023;15.0
250000;145;MergeSort;Sat Sep 23 21:58:15 BRT 2023;4168547;2069904;Sat Sep 23 21:58:15 BRT 2023;23.0
250000;145;QuickSort;Sat Sep 23 21:58:15 BRT 2023;5476405;166672;Sat Sep 23 21:58:15 BRT 2023;16.0
250000;146;MergeSort;Sat Sep 23 21:58:15 BRT 2023;4169311;2070231;Sat Sep 23 21:58:15 BRT 2023;24.0
250000;146;QuickSort;Sat Sep 23 21:58:15 BRT 2023;5527759;166620;Sat Sep 23 21:58:15 BRT 2023;16.0
250000;147;MergeSort;Sat Sep 23 21:58:15 BRT 2023;4168054;2069341;Sat Sep 23 21:58:15 BRT 2023;25.0
250000;147;QuickSort;Sat Sep 23 21:58:15 BRT 2023;5329473;166736;Sat Sep 23 21:58:15 BRT 2023;17.0
250000;148;MergeSort;Sat Sep 23 21:58:15 BRT 2023;4168575;2070295;Sat Sep 23 21:58:15 BRT 2023;23.0
250000;148;QuickSort;Sat Sep 23 21:58:15 BRT 2023;5335181;166863;Sat Sep 23 21:58:15 BRT 2023;16.0
250000;149;MergeSort;Sat Sep 23 21:58:16 BRT 2023;4168720;2070118;Sat Sep 23 21:58:16 BRT 2023;26.0
250000;149;QuickSort;Sat Sep 23 21:58:16 BRT 2023;5720358;166899;Sat Sep 23 21:58:16 BRT 2023;17.0
375000;150;MergeSort;Sat Sep 23 21:58:16 BRT 2023;6477316;3199670;Sat Sep 23 21:58:16 BRT 2023;39.0
375000;150;QuickSort;Sat Sep 23 21:58:16 BRT 2023;8517069;250325;Sat Sep 23 21:58:16 BRT 2023;24.0
375000;151;MergeSort;Sat Sep 23 21:58:16 BRT 2023;6477869;3199937;Sat Sep 23 21:58:16 BRT 2023;38.0
375000;151;QuickSort;Sat Sep 23 21:58:16 BRT 2023;8747942;249957;Sat Sep 23 21:58:16 BRT 2023;24.0
375000;152;MergeSort;Sat Sep 23 21:58:16 BRT 2023;6477583;3199499;Sat Sep 23 21:58:16 BRT 2023;37.0
375000;152;QuickSort;Sat Sep 23 21:58:16 BRT 2023;8493717;250054;Sat Sep 23 21:58:16 BRT 2023;24.0
375000;153;MergeSort;Sat Sep 23 21:58:16 BRT 2023;6477683;3199517;Sat Sep 23 21:58:16 BRT 2023;37.0
375000;153;QuickSort;Sat Sep 23 21:58:16 BRT 2023;8494563;250208;Sat Sep 23 21:58:16 BRT 2023;25.0
375000;154;MergeSort;Sat Sep 23 21:58:16 BRT 2023;6477521;3199308;Sat Sep 23 21:58:16 BRT 2023;39.0
375000;154;QuickSort;Sat Sep 23 21:58:16 BRT 2023;8607852;250332;Sat Sep 23 21:58:16 BRT 2023;25.0
375000;155;MergeSort;Sat Sep 23 21:58:16 BRT 2023;6477807;3201006;Sat Sep 23 21:58:16 BRT 2023;47.0
375000;155;QuickSort;Sat Sep 23 21:58:16 BRT 2023;8658511;250158;Sat Sep 23 21:58:16 BRT 2023;25.0
375000;156;MergeSort;Sat Sep 23 21:58:16 BRT 2023;6477851;3199419;Sat Sep 23 21:58:16 BRT 2023;46.0
375000;156;QuickSort;Sat Sep 23 21:58:16 BRT 2023;8417993;250287;Sat Sep 23 21:58:16 BRT 2023;25.0
375000;157;MergeSort;Sat Sep 23 21:58:16 BRT 2023;6477482;3200475;Sat Sep 23 21:58:16 BRT 2023;47.0
375000;157;QuickSort;Sat Sep 23 21:58:16 BRT 2023;8244943;250067;Sat Sep 23 21:58:16 BRT 2023;24.0
375000;158;MergeSort;Sat Sep 23 21:58:16 BRT 2023;6477403;3199029;Sat Sep 23 21:58:16 BRT 2023;45.0
375000;158;QuickSort;Sat Sep 23 21:58:16 BRT 2023;8468529;250275;Sat Sep 23 21:58:16 BRT 2023;25.0
375000;159;MergeSort;Sat Sep 23 21:58:16 BRT 2023;6476972;3200572;Sat Sep 23 21:58:16 BRT 2023;45.0
375000;159;QuickSort;Sat Sep 23 21:58:16 BRT 2023;8611225;249992;Sat Sep 23 21:58:16 BRT 2023;24.0
375000;160;MergeSort;Sat Sep 23 21:58:16 BRT 2023;6477584;3200008;Sat Sep 23 21:58:16 BRT 2023;46.0
375000;160;QuickSort;Sat Sep 23 21:58:16 BRT 2023;8306307;250144;Sat Sep 23 21:58:16 BRT 2023;23.0
375000;161;MergeSort;Sat Sep 23 21:58:16 BRT 2023;6477744;3200583;Sat Sep 23 21:58:16 BRT 2023;46.0
375000;161;QuickSort;Sat Sep 23 21:58:16 BRT 2023;8635989;250241;Sat Sep 23 21:58:16 BRT 2023;25.0
375000;162;MergeSort;Sat Sep 23 21:58:16 BRT 2023;6477604;3199758;Sat Sep 23 21:58:16 BRT 2023;52.0
375000;162;QuickSort;Sat Sep 23 21:58:16 BRT 2023;8568397;250065;Sat Sep 23 21:58:16 BRT 2023;26.0
375000;163;MergeSort;Sat Sep 23 21:58:16 BRT 2023;6477359;3199328;Sat Sep 23 21:58:17 BRT 2023;57.0
375000;163;QuickSort;Sat Sep 23 21:58:17 BRT 2023;8864147;250060;Sat Sep 23 21:58:17 BRT 2023;27.0
375000;164;MergeSort;Sat Sep 23 21:58:17 BRT 2023;6477891;3199741;Sat Sep 23 21:58:17 BRT 2023;51.0
375000;164;QuickSort;Sat Sep 23 21:58:17 BRT 2023;8273542;250265;Sat Sep 23 21:58:17 BRT 2023;23.0
375000;165;MergeSort;Sat Sep 23 21:58:17 BRT 2023;6478174;3200261;Sat Sep 23 21:58:17 BRT 2023;50.0
375000;165;QuickSort;Sat Sep 23 21:58:17 BRT 2023;8903207;250235;Sat Sep 23 21:58:17 BRT 2023;25.0
375000;166;MergeSort;Sat Sep 23 21:58:17 BRT 2023;6477202;3199363;Sat Sep 23 21:58:17 BRT 2023;48.0
375000;166;QuickSort;Sat Sep 23 21:58:17 BRT 2023;8743694;250025;Sat Sep 23 21:58:17 BRT 2023;25.0
375000;167;MergeSort;Sat Sep 23 21:58:17 BRT 2023;6477498;3200265;Sat Sep 23 21:58:17 BRT 2023;49.0
375000;167;QuickSort;Sat Sep 23 21:58:17 BRT 2023;8256123;250114;Sat Sep 23 21:58:17 BRT 2023;24.0
375000;168;MergeSort;Sat Sep 23 21:58:17 BRT 2023;6477856;3199655;Sat Sep 23 21:58:17 BRT 2023;51.0
375000;168;QuickSort;Sat Sep 23 21:58:17 BRT 2023;8400318;249934;Sat Sep 23 21:58:17 BRT 2023;24.0
375000;169;MergeSort;Sat Sep 23 21:58:17 BRT 2023;6477662;3200693;Sat Sep 23 21:58:17 BRT 2023;48.0
375000;169;QuickSort;Sat Sep 23 21:58:17 BRT 2023;8443890;250309;Sat Sep 23 21:58:17 BRT 2023;25.0
375000;170;MergeSort;Sat Sep 23 21:58:17 BRT 2023;6477795;3200575;Sat Sep 23 21:58:17 BRT 2023;47.0
375000;170;QuickSort;Sat Sep 23 21:58:17 BRT 2023;8770799;249900;Sat Sep 23 21:58:17 BRT 2023;25.0
375000;171;MergeSort;Sat Sep 23 21:58:17 BRT 2023;6478002;3200098;Sat Sep 23 21:58:17 BRT 2023;48.0
375000;171;QuickSort;Sat Sep 23 21:58:17 BRT 2023;8671370;249933;Sat Sep 23 21:58:17 BRT 2023;24.0
375000;172;MergeSort;Sat Sep 23 21:58:17 BRT 2023;6477057;3200531;Sat Sep 23 21:58:17 BRT 2023;48.0
375000;172;QuickSort;Sat Sep 23 21:58:17 BRT 2023;8320545;250138;Sat Sep 23 21:58:17 BRT 2023;25.0
375000;173;MergeSort;Sat Sep 23 21:58:17 BRT 2023;6477918;3199368;Sat Sep 23 21:58:17 BRT 2023;48.0
375000;173;QuickSort;Sat Sep 23 21:58:17 BRT 2023;8229498;250065;Sat Sep 23 21:58:17 BRT 2023;25.0
375000;174;MergeSort;Sat Sep 23 21:58:17 BRT 2023;6477769;3199589;Sat Sep 23 21:58:17 BRT 2023;51.0
375000;174;QuickSort;Sat Sep 23 21:58:17 BRT 2023;8577315;250114;Sat Sep 23 21:58:17 BRT 2023;27.0
375000;175;MergeSort;Sat Sep 23 21:58:17 BRT 2023;6477557;3199593;Sat Sep 23 21:58:17 BRT 2023;48.0
375000;175;QuickSort;Sat Sep 23 21:58:17 BRT 2023;8773818;250178;Sat Sep 23 21:58:17 BRT 2023;25.0
375000;176;MergeSort;Sat Sep 23 21:58:17 BRT 2023;6477431;3200116;Sat Sep 23 21:58:18 BRT 2023;52.0
375000;176;QuickSort;Sat Sep 23 21:58:18 BRT 2023;8812799;250120;Sat Sep 23 21:58:18 BRT 2023;25.0
375000;177;MergeSort;Sat Sep 23 21:58:18 BRT 2023;6477456;3200200;Sat Sep 23 21:58:18 BRT 2023;51.0
375000;177;QuickSort;Sat Sep 23 21:58:18 BRT 2023;9294614;250168;Sat Sep 23 21:58:18 BRT 2023;26.0
375000;178;MergeSort;Sat Sep 23 21:58:18 BRT 2023;6477509;3199270;Sat Sep 23 21:58:18 BRT 2023;51.0
375000;178;QuickSort;Sat Sep 23 21:58:18 BRT 2023;8519928;250036;Sat Sep 23 21:58:18 BRT 2023;26.0
375000;179;MergeSort;Sat Sep 23 21:58:18 BRT 2023;6477594;3199406;Sat Sep 23 21:58:18 BRT 2023;49.0
375000;179;QuickSort;Sat Sep 23 21:58:18 BRT 2023;8712683;250083;Sat Sep 23 21:58:18 BRT 2023;25.0
375000;180;MergeSort;Sat Sep 23 21:58:18 BRT 2023;6477585;3199914;Sat Sep 23 21:58:18 BRT 2023;49.0
375000;180;QuickSort;Sat Sep 23 21:58:18 BRT 2023;8597398;249921;Sat Sep 23 21:58:18 BRT 2023;25.0
375000;181;MergeSort;Sat Sep 23 21:58:18 BRT 2023;6477721;3200178;Sat Sep 23 21:58:18 BRT 2023;50.0
375000;181;QuickSort;Sat Sep 23 21:58:18 BRT 2023;7965814;249930;Sat Sep 23 21:58:18 BRT 2023;25.0
375000;182;MergeSort;Sat Sep 23 21:58:18 BRT 2023;6478349;3199600;Sat Sep 23 21:58:18 BRT 2023;47.0
375000;182;QuickSort;Sat Sep 23 21:58:18 BRT 2023;8338396;250264;Sat Sep 23 21:58:18 BRT 2023;25.0
375000;183;MergeSort;Sat Sep 23 21:58:18 BRT 2023;6477717;3199840;Sat Sep 23 21:58:18 BRT 2023;48.0
375000;183;QuickSort;Sat Sep 23 21:58:18 BRT 2023;8259738;249995;Sat Sep 23 21:58:18 BRT 2023;25.0
375000;184;MergeSort;Sat Sep 23 21:58:18 BRT 2023;6477872;3199001;Sat Sep 23 21:58:18 BRT 2023;49.0
375000;184;QuickSort;Sat Sep 23 21:58:18 BRT 2023;8720452;250073;Sat Sep 23 21:58:18 BRT 2023;27.0
375000;185;MergeSort;Sat Sep 23 21:58:18 BRT 2023;6477418;3199265;Sat Sep 23 21:58:18 BRT 2023;49.0
375000;185;QuickSort;Sat Sep 23 21:58:18 BRT 2023;8790270;250061;Sat Sep 23 21:58:18 BRT 2023;26.0
375000;186;MergeSort;Sat Sep 23 21:58:18 BRT 2023;6477661;3199916;Sat Sep 23 21:58:18 BRT 2023;46.0
375000;186;QuickSort;Sat Sep 23 21:58:18 BRT 2023;8478252;250131;Sat Sep 23 21:58:18 BRT 2023;32.0
375000;187;MergeSort;Sat Sep 23 21:58:18 BRT 2023;6477553;3200055;Sat Sep 23 21:58:18 BRT 2023;51.0
375000;187;QuickSort;Sat Sep 23 21:58:18 BRT 2023;8599161;250098;Sat Sep 23 21:58:18 BRT 2023;31.0
375000;188;MergeSort;Sat Sep 23 21:58:18 BRT 2023;6478124;3199448;Sat Sep 23 21:58:18 BRT 2023;46.0
375000;188;QuickSort;Sat Sep 23 21:58:18 BRT 2023;8778654;250152;Sat Sep 23 21:58:18 BRT 2023;25.0
375000;189;MergeSort;Sat Sep 23 21:58:18 BRT 2023;6477311;3199312;Sat Sep 23 21:58:18 BRT 2023;38.0
375000;189;QuickSort;Sat Sep 23 21:58:18 BRT 2023;8495355;250080;Sat Sep 23 21:58:19 BRT 2023;24.0
375000;190;MergeSort;Sat Sep 23 21:58:19 BRT 2023;6477317;3199726;Sat Sep 23 21:58:19 BRT 2023;40.0
375000;190;QuickSort;Sat Sep 23 21:58:19 BRT 2023;8294192;250123;Sat Sep 23 21:58:19 BRT 2023;26.0
375000;191;MergeSort;Sat Sep 23 21:58:19 BRT 2023;6477603;3200030;Sat Sep 23 21:58:19 BRT 2023;38.0
375000;191;QuickSort;Sat Sep 23 21:58:19 BRT 2023;8515382;249991;Sat Sep 23 21:58:19 BRT 2023;24.0
375000;192;MergeSort;Sat Sep 23 21:58:19 BRT 2023;6477829;3199893;Sat Sep 23 21:58:19 BRT 2023;38.0
375000;192;QuickSort;Sat Sep 23 21:58:19 BRT 2023;9462086;250208;Sat Sep 23 21:58:19 BRT 2023;25.0
375000;193;MergeSort;Sat Sep 23 21:58:19 BRT 2023;6477339;3199843;Sat Sep 23 21:58:19 BRT 2023;39.0
375000;193;QuickSort;Sat Sep 23 21:58:19 BRT 2023;8529497;250261;Sat Sep 23 21:58:19 BRT 2023;23.0
375000;194;MergeSort;Sat Sep 23 21:58:19 BRT 2023;6476873;3199404;Sat Sep 23 21:58:19 BRT 2023;40.0
375000;194;QuickSort;Sat Sep 23 21:58:19 BRT 2023;8805610;250070;Sat Sep 23 21:58:19 BRT 2023;26.0
375000;195;MergeSort;Sat Sep 23 21:58:19 BRT 2023;6477630;3199443;Sat Sep 23 21:58:19 BRT 2023;38.0
375000;195;QuickSort;Sat Sep 23 21:58:19 BRT 2023;8949653;250347;Sat Sep 23 21:58:19 BRT 2023;25.0
375000;196;MergeSort;Sat Sep 23 21:58:19 BRT 2023;6477314;3199511;Sat Sep 23 21:58:19 BRT 2023;38.0
375000;196;QuickSort;Sat Sep 23 21:58:19 BRT 2023;8467067;250362;Sat Sep 23 21:58:19 BRT 2023;25.0
375000;197;MergeSort;Sat Sep 23 21:58:19 BRT 2023;6477664;3199753;Sat Sep 23 21:58:19 BRT 2023;38.0
375000;197;QuickSort;Sat Sep 23 21:58:19 BRT 2023;8751427;250059;Sat Sep 23 21:58:19 BRT 2023;24.0
375000;198;MergeSort;Sat Sep 23 21:58:19 BRT 2023;6477836;3199803;Sat Sep 23 21:58:19 BRT 2023;40.0
375000;198;QuickSort;Sat Sep 23 21:58:19 BRT 2023;8487964;250147;Sat Sep 23 21:58:19 BRT 2023;25.0
375000;199;MergeSort;Sat Sep 23 21:58:19 BRT 2023;6477962;3199772;Sat Sep 23 21:58:19 BRT 2023;39.0
375000;199;QuickSort;Sat Sep 23 21:58:19 BRT 2023;8246318;249998;Sat Sep 23 21:58:19 BRT 2023;25.0
1000000;200;MergeSort;Sat Sep 23 21:58:19 BRT 2023;18673336;9278392;Sat Sep 23 21:58:19 BRT 2023;118.0
1000000;200;QuickSort;Sat Sep 23 21:58:19 BRT 2023;24448301;668900;Sat Sep 23 21:58:19 BRT 2023;78.0
1000000;201;MergeSort;Sat Sep 23 21:58:19 BRT 2023;18673920;9278693;Sat Sep 23 21:58:19 BRT 2023;110.0
1000000;201;QuickSort;Sat Sep 23 21:58:19 BRT 2023;24182752;668993;Sat Sep 23 21:58:20 BRT 2023;70.0
1000000;202;MergeSort;Sat Sep 23 21:58:20 BRT 2023;18674300;9278770;Sat Sep 23 21:58:20 BRT 2023;111.0
1000000;202;QuickSort;Sat Sep 23 21:58:20 BRT 2023;24710740;669132;Sat Sep 23 21:58:20 BRT 2023;73.0
1000000;203;MergeSort;Sat Sep 23 21:58:20 BRT 2023;18674544;9278807;Sat Sep 23 21:58:20 BRT 2023;108.0
1000000;203;QuickSort;Sat Sep 23 21:58:20 BRT 2023;24497625;668929;Sat Sep 23 21:58:20 BRT 2023;70.0
1000000;204;MergeSort;Sat Sep 23 21:58:20 BRT 2023;18673950;9279274;Sat Sep 23 21:58:20 BRT 2023;107.0
1000000;204;QuickSort;Sat Sep 23 21:58:20 BRT 2023;24541119;669091;Sat Sep 23 21:58:20 BRT 2023;69.0
1000000;205;MergeSort;Sat Sep 23 21:58:20 BRT 2023;18674759;9280111;Sat Sep 23 21:58:20 BRT 2023;111.0
1000000;205;QuickSort;Sat Sep 23 21:58:20 BRT 2023;24044455;669005;Sat Sep 23 21:58:20 BRT 2023;72.0
1000000;206;MergeSort;Sat Sep 23 21:58:20 BRT 2023;18675358;9279479;Sat Sep 23 21:58:20 BRT 2023;109.0
1000000;206;QuickSort;Sat Sep 23 21:58:20 BRT 2023;24154567;669245;Sat Sep 23 21:58:20 BRT 2023;69.0
1000000;207;MergeSort;Sat Sep 23 21:58:20 BRT 2023;18674321;9279113;Sat Sep 23 21:58:21 BRT 2023;108.0
1000000;207;QuickSort;Sat Sep 23 21:58:21 BRT 2023;26306564;668882;Sat Sep 23 21:58:21 BRT 2023;75.0
1000000;208;MergeSort;Sat Sep 23 21:58:21 BRT 2023;18674487;9279158;Sat Sep 23 21:58:21 BRT 2023;109.0
1000000;208;QuickSort;Sat Sep 23 21:58:21 BRT 2023;24459100;668926;Sat Sep 23 21:58:21 BRT 2023;72.0
1000000;209;MergeSort;Sat Sep 23 21:58:21 BRT 2023;18673698;9278250;Sat Sep 23 21:58:21 BRT 2023;109.0
1000000;209;QuickSort;Sat Sep 23 21:58:21 BRT 2023;24327525;669055;Sat Sep 23 21:58:21 BRT 2023;74.0
1000000;210;MergeSort;Sat Sep 23 21:58:21 BRT 2023;18673496;9278301;Sat Sep 23 21:58:21 BRT 2023;113.0
1000000;210;QuickSort;Sat Sep 23 21:58:21 BRT 2023;24269779;669358;Sat Sep 23 21:58:21 BRT 2023;75.0
1000000;211;MergeSort;Sat Sep 23 21:58:21 BRT 2023;18674509;9279073;Sat Sep 23 21:58:21 BRT 2023;115.0
1000000;211;QuickSort;Sat Sep 23 21:58:21 BRT 2023;24975072;669245;Sat Sep 23 21:58:21 BRT 2023;71.0
1000000;212;MergeSort;Sat Sep 23 21:58:21 BRT 2023;18674975;9279587;Sat Sep 23 21:58:22 BRT 2023;109.0
1000000;212;QuickSort;Sat Sep 23 21:58:22 BRT 2023;24267142;668797;Sat Sep 23 21:58:22 BRT 2023;75.0
1000000;213;MergeSort;Sat Sep 23 21:58:22 BRT 2023;18675512;9280211;Sat Sep 23 21:58:22 BRT 2023;111.0
1000000;213;QuickSort;Sat Sep 23 21:58:22 BRT 2023;24732894;669243;Sat Sep 23 21:58:22 BRT 2023;76.0
1000000;214;MergeSort;Sat Sep 23 21:58:22 BRT 2023;18673729;9279407;Sat Sep 23 21:58:22 BRT 2023;114.0
1000000;214;QuickSort;Sat Sep 23 21:58:22 BRT 2023;24759759;668826;Sat Sep 23 21:58:22 BRT 2023;77.0
1000000;215;MergeSort;Sat Sep 23 21:58:22 BRT 2023;18673757;9279525;Sat Sep 23 21:58:22 BRT 2023;118.0
1000000;215;QuickSort;Sat Sep 23 21:58:22 BRT 2023;24815398;669029;Sat Sep 23 21:58:22 BRT 2023;69.0
1000000;216;MergeSort;Sat Sep 23 21:58:22 BRT 2023;18673222;9279403;Sat Sep 23 21:58:22 BRT 2023;114.0
1000000;216;QuickSort;Sat Sep 23 21:58:22 BRT 2023;25666616;669200;Sat Sep 23 21:58:22 BRT 2023;73.0
1000000;217;MergeSort;Sat Sep 23 21:58:22 BRT 2023;18674143;9279242;Sat Sep 23 21:58:22 BRT 2023;109.0
1000000;217;QuickSort;Sat Sep 23 21:58:22 BRT 2023;24079917;668792;Sat Sep 23 21:58:23 BRT 2023;69.0
1000000;218;MergeSort;Sat Sep 23 21:58:23 BRT 2023;18674214;9279287;Sat Sep 23 21:58:23 BRT 2023;111.0
1000000;218;QuickSort;Sat Sep 23 21:58:23 BRT 2023;25112011;669125;Sat Sep 23 21:58:23 BRT 2023;72.0
1000000;219;MergeSort;Sat Sep 23 21:58:23 BRT 2023;18674048;9278665;Sat Sep 23 21:58:23 BRT 2023;106.0
1000000;219;QuickSort;Sat Sep 23 21:58:23 BRT 2023;24759184;668882;Sat Sep 23 21:58:23 BRT 2023;70.0
1000000;220;MergeSort;Sat Sep 23 21:58:23 BRT 2023;18674555;9278618;Sat Sep 23 21:58:23 BRT 2023;106.0
1000000;220;QuickSort;Sat Sep 23 21:58:23 BRT 2023;25859556;668951;Sat Sep 23 21:58:23 BRT 2023;74.0
1000000;221;MergeSort;Sat Sep 23 21:58:23 BRT 2023;18673136;9279719;Sat Sep 23 21:58:23 BRT 2023;107.0
1000000;221;QuickSort;Sat Sep 23 21:58:23 BRT 2023;24085196;668986;Sat Sep 23 21:58:23 BRT 2023;73.0
1000000;222;MergeSort;Sat Sep 23 21:58:23 BRT 2023;18674447;9279324;Sat Sep 23 21:58:23 BRT 2023;107.0
1000000;222;QuickSort;Sat Sep 23 21:58:23 BRT 2023;25417514;669024;Sat Sep 23 21:58:23 BRT 2023;70.0
1000000;223;MergeSort;Sat Sep 23 21:58:23 BRT 2023;18674664;9279355;Sat Sep 23 21:58:24 BRT 2023;112.0
1000000;223;QuickSort;Sat Sep 23 21:58:24 BRT 2023;24444992;669124;Sat Sep 23 21:58:24 BRT 2023;70.0
1000000;224;MergeSort;Sat Sep 23 21:58:24 BRT 2023;18674270;9278286;Sat Sep 23 21:58:24 BRT 2023;109.0
1000000;224;QuickSort;Sat Sep 23 21:58:24 BRT 2023;24770482;669292;Sat Sep 23 21:58:24 BRT 2023;71.0
1000000;225;MergeSort;Sat Sep 23 21:58:24 BRT 2023;18673873;9279372;Sat Sep 23 21:58:24 BRT 2023;111.0
1000000;225;QuickSort;Sat Sep 23 21:58:24 BRT 2023;24637457;669117;Sat Sep 23 21:58:24 BRT 2023;71.0
1000000;226;MergeSort;Sat Sep 23 21:58:24 BRT 2023;18675338;9279141;Sat Sep 23 21:58:24 BRT 2023;109.0
1000000;226;QuickSort;Sat Sep 23 21:58:24 BRT 2023;24874014;669087;Sat Sep 23 21:58:24 BRT 2023;73.0
1000000;227;MergeSort;Sat Sep 23 21:58:24 BRT 2023;18674572;9280075;Sat Sep 23 21:58:24 BRT 2023;116.0
1000000;227;QuickSort;Sat Sep 23 21:58:24 BRT 2023;23943604;669008;Sat Sep 23 21:58:24 BRT 2023;75.0
1000000;228;MergeSort;Sat Sep 23 21:58:24 BRT 2023;18673479;9279608;Sat Sep 23 21:58:24 BRT 2023;113.0
1000000;228;QuickSort;Sat Sep 23 21:58:24 BRT 2023;24515808;668889;Sat Sep 23 21:58:25 BRT 2023;71.0
1000000;229;MergeSort;Sat Sep 23 21:58:25 BRT 2023;18673914;9278111;Sat Sep 23 21:58:25 BRT 2023;109.0
1000000;229;QuickSort;Sat Sep 23 21:58:25 BRT 2023;25480032;668943;Sat Sep 23 21:58:25 BRT 2023;73.0
1000000;230;MergeSort;Sat Sep 23 21:58:25 BRT 2023;18674090;9279772;Sat Sep 23 21:58:25 BRT 2023;113.0
1000000;230;QuickSort;Sat Sep 23 21:58:25 BRT 2023;24456828;668849;Sat Sep 23 21:58:25 BRT 2023;72.0
1000000;231;MergeSort;Sat Sep 23 21:58:25 BRT 2023;18675630;9279459;Sat Sep 23 21:58:25 BRT 2023;111.0
1000000;231;QuickSort;Sat Sep 23 21:58:25 BRT 2023;24657610;669201;Sat Sep 23 21:58:25 BRT 2023;70.0
1000000;232;MergeSort;Sat Sep 23 21:58:25 BRT 2023;18674074;9279021;Sat Sep 23 21:58:25 BRT 2023;111.0
1000000;232;QuickSort;Sat Sep 23 21:58:25 BRT 2023;24424339;669319;Sat Sep 23 21:58:25 BRT 2023;71.0
1000000;233;MergeSort;Sat Sep 23 21:58:25 BRT 2023;18673778;9278500;Sat Sep 23 21:58:25 BRT 2023;114.0
1000000;233;QuickSort;Sat Sep 23 21:58:25 BRT 2023;24637566;669126;Sat Sep 23 21:58:25 BRT 2023;73.0
1000000;234;MergeSort;Sat Sep 23 21:58:25 BRT 2023;18675371;9278191;Sat Sep 23 21:58:26 BRT 2023;109.0
1000000;234;QuickSort;Sat Sep 23 21:58:26 BRT 2023;24423119;669257;Sat Sep 23 21:58:26 BRT 2023;69.0
1000000;235;MergeSort;Sat Sep 23 21:58:26 BRT 2023;18673670;9279118;Sat Sep 23 21:58:26 BRT 2023;112.0
1000000;235;QuickSort;Sat Sep 23 21:58:26 BRT 2023;24229337;668921;Sat Sep 23 21:58:26 BRT 2023;71.0
1000000;236;MergeSort;Sat Sep 23 21:58:26 BRT 2023;18674141;9278611;Sat Sep 23 21:58:26 BRT 2023;110.0
1000000;236;QuickSort;Sat Sep 23 21:58:26 BRT 2023;24280807;669068;Sat Sep 23 21:58:26 BRT 2023;71.0
1000000;237;MergeSort;Sat Sep 23 21:58:26 BRT 2023;18674144;9279076;Sat Sep 23 21:58:26 BRT 2023;110.0
1000000;237;QuickSort;Sat Sep 23 21:58:26 BRT 2023;25322010;668958;Sat Sep 23 21:58:26 BRT 2023;70.0
1000000;238;MergeSort;Sat Sep 23 21:58:26 BRT 2023;18674243;9279303;Sat Sep 23 21:58:26 BRT 2023;109.0
1000000;238;QuickSort;Sat Sep 23 21:58:26 BRT 2023;24783925;668920;Sat Sep 23 21:58:26 BRT 2023;69.0
1000000;239;MergeSort;Sat Sep 23 21:58:26 BRT 2023;18675131;9279385;Sat Sep 23 21:58:26 BRT 2023;109.0
1000000;239;QuickSort;Sat Sep 23 21:58:26 BRT 2023;25207888;669218;Sat Sep 23 21:58:27 BRT 2023;71.0
1000000;240;MergeSort;Sat Sep 23 21:58:27 BRT 2023;18675314;9279629;Sat Sep 23 21:58:27 BRT 2023;107.0
1000000;240;QuickSort;Sat Sep 23 21:58:27 BRT 2023;24756768;669197;Sat Sep 23 21:58:27 BRT 2023;70.0
1000000;241;MergeSort;Sat Sep 23 21:58:27 BRT 2023;18674841;9279644;Sat Sep 23 21:58:27 BRT 2023;109.0
1000000;241;QuickSort;Sat Sep 23 21:58:27 BRT 2023;24037962;669271;Sat Sep 23 21:58:27 BRT 2023;70.0
1000000;242;MergeSort;Sat Sep 23 21:58:27 BRT 2023;18673837;9278427;Sat Sep 23 21:58:27 BRT 2023;110.0
1000000;242;QuickSort;Sat Sep 23 21:58:27 BRT 2023;26242289;668838;Sat Sep 23 21:58:27 BRT 2023;71.0
1000000;243;MergeSort;Sat Sep 23 21:58:27 BRT 2023;18675391;9279963;Sat Sep 23 21:58:27 BRT 2023;107.0
1000000;243;QuickSort;Sat Sep 23 21:58:27 BRT 2023;24476174;669348;Sat Sep 23 21:58:27 BRT 2023;70.0
1000000;244;MergeSort;Sat Sep 23 21:58:27 BRT 2023;18673902;9278752;Sat Sep 23 21:58:27 BRT 2023;108.0
1000000;244;QuickSort;Sat Sep 23 21:58:27 BRT 2023;25616342;669269;Sat Sep 23 21:58:27 BRT 2023;72.0
1000000;245;MergeSort;Sat Sep 23 21:58:27 BRT 2023;18673792;9278728;Sat Sep 23 21:58:28 BRT 2023;110.0
1000000;245;QuickSort;Sat Sep 23 21:58:28 BRT 2023;24862605;668849;Sat Sep 23 21:58:28 BRT 2023;69.0
1000000;246;MergeSort;Sat Sep 23 21:58:28 BRT 2023;18674772;9279826;Sat Sep 23 21:58:28 BRT 2023;106.0
1000000;246;QuickSort;Sat Sep 23 21:58:28 BRT 2023;25048641;668871;Sat Sep 23 21:58:28 BRT 2023;70.0
1000000;247;MergeSort;Sat Sep 23 21:58:28 BRT 2023;18673982;9279548;Sat Sep 23 21:58:28 BRT 2023;110.0
1000000;247;QuickSort;Sat Sep 23 21:58:28 BRT 2023;24275794;668849;Sat Sep 23 21:58:28 BRT 2023;69.0
1000000;248;MergeSort;Sat Sep 23 21:58:28 BRT 2023;18674646;9278890;Sat Sep 23 21:58:28 BRT 2023;107.0
1000000;248;QuickSort;Sat Sep 23 21:58:28 BRT 2023;25484879;668917;Sat Sep 23 21:58:28 BRT 2023;71.0
1000000;249;MergeSort;Sat Sep 23 21:58:28 BRT 2023;18673856;9277698;Sat Sep 23 21:58:28 BRT 2023;111.0
1000000;249;QuickSort;Sat Sep 23 21:58:28 BRT 2023;25244458;668649;Sat Sep 23 21:58:28 BRT 2023;75.0
